index,headline,source_url,publish_date,publisher,crawl_type,Date
0,"MOH aware of severe pneumonia cases in Wuhan, China; doctors to look out for suspected cases",https://www.todayonline.com/singapore/moh-aware-severe-pneumonia-cases-wuhan-china-doctors-look-out-suspected-cases,2020-02-01,Today,manual,2020-01-02
1,"Chinese girl with pneumonia warded, isolated after travel to Wuhan: MOH",https://www.todayonline.com/singapore/chinese-girl-pneumonia-warded-isolated-after-travel-wuhan-moh,2020-05-01,Today,manual,2020-01-05
2,"59 people in Wuhan found with mystery pneumonia strain, authorities reveal",https://www.todayonline.com/world/59-people-wuhan-found-mystery-pneumonia-strain-authorities-reveal,2020-06-01,Today,manual,2020-01-06
3,Hong Kong’s N95 stocks low amid Wuhan mystery virus fears,https://www.scmp.com/news/hong-kong/health-environment/article/3044906/supplies-n95-mask-running-low-hong-kong-wuhan,2020-07-01,Today,manual,2020-01-07
4,China ‘must find source’ after identifying Wuhan pneumonia as new virus from Sars family,https://www.todayonline.com/world/china-must-find-source-after-identifying-wuhan-pneumonia-new-virus-sars-family,2020-09-01,Today,manual,2020-01-09
5,China pneumonia outbreak may be linked to new type of virus: WHO,https://www.todayonline.com/world/china-pneumonia-outbreak-may-be-linked-new-type-virus-who,2020-09-01,Today Online,auto,2020-01-09
6,"Chinese man with pneumonia warded, isolated after travel to Wuhan: MOH",https://www.todayonline.com/singapore/chinese-man-pneumonia-warded-isolated-after-travel-wuhan-moh,2020-10-01,Today,manual,2020-01-10
7,"WHO says new China coronavirus could spread, warns hospitals worldwide",https://www.todayonline.com/world/who-says-new-china-virus-could-spread-its-warning-all-hospitals-0,2020-14-01,Today,manual,2020-01-14
8,China virus outbreak linked to seafood market not currently spreading: WHO,https://www.todayonline.com/world/china-virus-outbreak-linked-seafood-market-not-currently-spreading-who,2020-15-01,Today,manual,2020-01-15
9,"Wuhan pneumonia: Chinese tourist in Thai case did not visit outbreak-linked market, raising fears of possible spread of virus",https://www.todayonline.com/world/wuhan-pneumonia-chinese-tourist-thai-case-did-not-visit-outbreak-linked-market-raising-fears,2020-15-01,Today,manual,2020-01-15
10,"Japan confirms case of new Chinese virus, spread is 'concerning'",https://www.todayonline.com/world/japan-confirms-first-case-infection-new-china-coronavirus,2020-16-01,Today,manual,2020-01-16
11,Second person dies from Sars-linked virus in China: official,https://www.todayonline.com/world/second-person-dies-mystery-virus-china-official,2020-17-01,Today,manual,2020-01-17
12,"Wuhan virus: Suspected cases in Singapore go up to 5, MOH warns of more to come",https://www.todayonline.com/singapore/wuhan-virus-suspected-cases-singapore-go-5-moh-warns-more-come,2020-17-01,Today Online,auto,2020-01-17
13,"Thailand finds second case of new Chinese virus, says no outbreak",https://www.todayonline.com/world/thailand-finds-second-case-new-chinese-virus-says-no-outbreak-1,2020-17-01,Today Online,auto,2020-01-17
14,China reports 17 new cases of mystery virus,https://www.todayonline.com/world/china-reports-17-new-cases-mystery-virus,2020-19-01,Today Online,auto,2020-01-19
15,"As virus spreads to more Chinese cities, WHO calls emergency meeting",https://www.todayonline.com/world/china-confirms-139-new-cases-pneumonia-over-weekend-virus-spreads-new-cities-1,2020-20-01,Today Online,auto,2020-01-20
16,Explainer: What we know so far about the Wuhan virus outbreak,https://www.todayonline.com/singapore/explainer-what-we-know-so-far-about-wuhan-virus-outbreak,2020-20-01,Today Online,auto,2020-01-20
17,"Wuhan virus: MOH steps up measures to classify, screen and isolate suspected cases from Jan 22",https://www.todayonline.com/singapore/wuhan-virus-moh-steps-measures-classify-screen-and-isolate-suspected-cases-jan-22,2020-21-01,Today Online,auto,2020-01-21
18,China coronavirus claims sixth victim as holiday travel heightens infection risks,https://www.todayonline.com/world/china-virus-outbreak-spooks-global-markets-fourth-death-reported,2020-21-01,Today Online,auto,2020-01-21
19,China virus outbreak spooks global markets as fourth death reported,https://www.todayonline.com/world/china-says-fourth-person-dies-wuhan-pneumonia-outbreak-0,2020-21-01,Today Online,auto,2020-01-21
20,On the menu at Wuhan virus market: Rats and live wolf pups,https://www.todayonline.com/world/menu-wuhan-virus-market-rats-and-live-wolf-pups,2020-22-01,Today Online,auto,2020-01-22
21,Wuhan virus: MOH advises against non-essential travel to Wuhan; 3 new suspected cases found here,https://www.todayonline.com/singapore/wuhan-virus-moh-advises-against-non-essential-travel-wuhan-3-new-suspected-cases-found,2020-22-01,Today Online,auto,2020-01-22
22,"Wuhan virus: Multi-ministry taskforce set up; first imported case ‘inevitable’, says Gan Kim Yong",https://www.todayonline.com/singapore/wuhan-virus-multi-ministerial-taskforce-set-first-imported-case-inevitable-says-gan-kim,2020-22-01,Today Online,auto,2020-01-22
23,China's Wuhan shuts down transport as global alarm mounts over virus spread,https://www.todayonline.com/world/china-says-virus-cases-rise-440-9-deaths,2020-22-01,Today,manual,2020-01-22
24,Washington state man who travelled to China is first U.S. victim of coronavirus,https://www.todayonline.com/world/cdc-confirms-first-us-case-china-coronavirus,2020-22-01,Today Online,auto,2020-01-22
25,Xi says China faces 'grave situation' as virus death toll hits 42,https://www.todayonline.com/world/china-virus-death-toll-rises-nine-pandemic-fears-mount,2020-22-01,Today,manual,2020-01-22
26,China’s credibility on the line as it tries to dispels fears it will cover up spread of Wuhan virus,https://www.todayonline.com/world/chinas-credibility-line-it-tries-dispels-fears-it-will-cover-spread-wuhan-virus,2020-22-01,Today Online,auto,2020-01-22
27,"China says virus cases rise to 440, with nine deaths",https://www.todayonline.com/world/china-says-virus-cases-rise-440-nine-deaths,2020-22-01,Today Online,auto,2020-01-22
28,"China warns virus could mutate, spread as death toll rises",https://www.todayonline.com/world/china-warns-virus-could-mutate-spread-death-toll-rises,2020-22-01,Today Online,auto,2020-01-22
29,"Thailand finds fourth China coronavirus infection, Macau confirms first case",https://www.todayonline.com/world/thailand-finds-fourth-china-coronavirus-infection-macau-confirms-first-case,2020-22-01,Today Online,auto,2020-01-22
30,"Wuhan virus a step closer to full-blown epidemic, warns Hong Kong expert",https://www.todayonline.com/world/wuhan-virus-step-closer-full-blown-epidemic-warns-hong-kong-expert,2020-22-01,Today Online,auto,2020-01-22
31,Scale of China’s Wuhan shutdown is believed to be without precedent,https://www.todayonline.com/world/scale-chinas-wuhan-shutdown-believed-be-without-precedent,2020-23-01,Today Online,auto,2020-01-23
32,"China coronavirus: With travel ban issued for Wuhan, many in city rush to escape",https://www.todayonline.com/world/china-coronavirus-travel-ban-issued-wuhan-many-city-rush-escape,2020-23-01,Today Online,auto,2020-01-23
33,China SARS fighter returns to spotlight in coronavirus battle,https://www.todayonline.com/world/china-sars-fighter-returns-spotlight-coronavirus-battle-0,2020-23-01,Today Online,auto,2020-01-23
34,PM Lee says Singapore 'better prepared' for another virus after Sars outbreak,https://www.todayonline.com/singapore/pm-lee-says-singapore-better-prepared-another-virus-after-sars-outbreak,2020-23-01,Today Online,auto,2020-01-23
35,"China locks down epicentre of virus outbreak, nearly 600 infected",https://www.todayonline.com/world/chinas-wuhan-shuts-down-transport-global-alarm-mounts-over-virus-spread,2020-23-01,Today Online,auto,2020-01-23
36,Scoot cancels flights to China's Wuhan over virus outbreak,https://www.todayonline.com/singapore/scoot-cancels-flights-chinas-wuhan-over-virus-outbreak,2020-23-01,Today Online,auto,2020-01-23
37,"Schools, childcare centres, SAF roll out measures to prevent spread of Wuhan virus in Singapore",https://www.todayonline.com/singapore/schools-childcare-centres-saf-roll-out-measures-prevent-spread-wuhan-virus-singapore,2020-23-01,Today Online,auto,2020-01-23
38,Wuhan virus: Singapore confirms first imported case; another suspected case has positive preliminary test,https://www.todayonline.com/singapore/wuhan-virus-singapore-confirms-first-imported-case-another-suspected-case-has-positive,2020-23-01,Today,manual,2020-01-23
39,China's latest virus outbreak exposes perils of exotic wildlife trade,https://www.todayonline.com/world/chinas-latest-virus-outbreak-exposes-perils-exotic-wildlife-trade,2020-23-01,Today Online,auto,2020-01-23
40,"Avoid travel to Wuhan, says MOH amid Wuhan’s citywide lockdown",https://www.todayonline.com/singapore/avoid-travel-wuhan-says-moh-amid-wuhans-citywide-lockdown,2020-23-01,Today Online,auto,2020-01-23
41,"Wuhan virus: Authorities ramp up border checks, advise Singaporeans to keep calm and stay vigilant",https://www.todayonline.com/singapore/wuhan-virus-authorities-ramp-border-checks-advise-singaporeans-keep-calm-and-stay-vigilant,2020-24-01,Today Online,auto,2020-01-24
42,Patient suspected of having Wuhan virus taken from Eastpoint Mall to Tan Tock Seng Hospital,https://www.todayonline.com/singapore/patient-suspected-having-wuhan-virus-taken-eastpoint-mall-tan-tock-seng-hospital,2020-24-01,Today Online,auto,2020-01-24
43,Smooth traffic at checkpoints as authorities begin temperature checks,https://www.todayonline.com/singapore/smooth-traffic-checkpoints-authorities-begin-temperature-checks,2020-24-01,Today Online,auto,2020-01-24
44,"Chinese movie releases delayed worldwide, including in S'pore, due to Wuhan virus",https://www.todayonline.com/singapore/7-chinese-movie-releases-including-jackie-chans-vanguard-delayed-worldwide-due-wuhan-virus,2020-24-01,Today Online,auto,2020-01-24
45,This Chinese Actor Cheered On A Terrified Wuhan Doctor; His Fans Then Raised Funds For The City,https://www.todayonline.com/8days/sceneandheard/entertainment/chinese-actor-cheered-terrified-wuhan-doctor-his-fans-then-raised,2020-24-01,Today,manual,2020-01-24
46,"Many in China wear them, but do masks block coronavirus?",https://www.todayonline.com/world/many-china-wear-them-do-masks-block-coronavirus,2020-24-01,Today,manual,2020-01-24
47,"Wuhan virus: Singapore confirms 2 more imported cases, day after first patient tested positive",https://www.todayonline.com/singapore/wuhan-virus-singapore-confirms-2-more-imported-cases-hours-after-first-man-tested-positive,2020-24-01,Today,manual,2020-01-24
48,"Wuhan virus: ICA begins temperature screening at Woodlands, Tuas checkpoints",https://www.todayonline.com/singapore/wuhan-virus-ica-begins-temperature-screening-woodlands-tuas-checkpoints,2020-24-01,Today,manual,2020-01-24
49,Retailers bumping up supply of face masks as sales soar in a week due to Wuhan virus,https://www.todayonline.com/singapore/retailers-bumping-supply-face-masks-sales-soar-week-due-wuhan-virus,2020-24-01,Today Online,auto,2020-01-24
50,"Be calm but watchful, urges PM Lee in CNY message after first confirmed case of Wuhan virus in S’pore",https://www.todayonline.com/singapore/be-calm-watchful-pm-lee-urges-cny-message-after-first-confirmed-case-wuhan-virus-spore,2020-24-01,Today,manual,2020-01-24
51,Rasa Sentosa hotel room where patient with Wuhan virus stayed has been disinfected and sealed,https://www.todayonline.com/singapore/rasa-sentosa-hotel-room-where-patient-wuhan-virus-stayed-has-been-disinfected-and-sealed,2020-24-01,Today Online,auto,2020-01-24
52,"Malaysia confirms 3 Wuhan virus cases, who are relatives of Singapore's first imported case",https://www.todayonline.com/world/health-minister-confirms-3-coronavirus-cases-malaysia,2020-25-01,Today Online,auto,2020-01-25
53,"Chinatown quieter this CNY amid Wuhan virus scare, but shopkeepers say business has been dwindling",https://www.todayonline.com/singapore/chinatown-quieter-year-shopkeepers-say-business-dwindling,2020-25-01,Today Online,auto,2020-01-25
54,Singapore must come together to respond to Wuhan virus: DPM Heng,https://www.todayonline.com/singapore/singapore-must-come-together-respond-wuhan-virus-dpm-heng,2020-25-01,Today Online,auto,2020-01-25
55,"Wuhan virus: Passengers, crew on Scoot flight from Singapore isolated in Hangzhou airport for health screening",https://www.todayonline.com/singapore/wuhan-virus-passengers-crew-scoot-flight-bound-singapore-isolated-hangzhou-airport-hours,2020-25-01,Today,manual,2020-01-25
56,"No new cases of Wuhan virus in Singapore, 64 suspected cases as of Jan 25 midday: MOH",https://www.todayonline.com/singapore/no-new-cases-wuhan-virus-singapore-64-suspected-cases-so-far-moh,2020-25-01,Today Online,auto,2020-01-25
57,"Scoot passengers isolated: Airline making arrangements to fly S'poreans, crew back from Hangzhou",https://www.todayonline.com/singapore/scoot-passengers-isolated-airline-making-arrangements-fly-singaporeans-crew-back-hangzhou,2020-25-01,Today Online,auto,2020-01-25
58,"Chinese New Year event organisers, religious authorities announce measures against Wuhan virus",https://www.todayonline.com/singapore/chinese-new-year-event-organisers-religious-authorities-announce-measures-against-wuhan,2020-25-01,Today Online,auto,2020-01-25
59,Wuhan virus: A timeline of how the deadly virus spread,https://www.todayonline.com/singapore/wuhan-virus-timeline-how-deadly-virus-spread,2020-26-01,Today Online,auto,2020-01-26
60,China bans wildlife trade nationwide due to coronavirus outbreak,https://www.todayonline.com/world/china-bans-wildlife-trade-nationwide-due-coronavirus-outbreak-0,2020-26-01,Today Online,auto,2020-01-26
61,Wuhan virus' ability to spread getting stronger,https://www.todayonline.com/world/more-2000-now-infected-coronavirus-56-dead-china-2,2020-26-01,Today Online,auto,2020-01-26
62,No new cases of Wuhan virus in Singapore; 92 suspect cases in total as of Jan 26 noon,https://www.todayonline.com/singapore/no-new-cases-wuhan-virus-singapore-92-suspect-cases-total-jan-26-noon,2020-26-01,Today Online,auto,2020-01-26
63,"4th Wuhan virus case: Village Hotel Sentosa staff sent to hospital, rooms which man, family stayed in blocked off",https://www.todayonline.com/singapore/4th-confirmed-wuhan-case-staff-village-hotel-sentosa-sent-hospital-room-guest-stayed,2020-26-01,Today Online,auto,2020-01-26
64,China's animal trade to spawn more viral outbreaks: Experts,https://www.todayonline.com/world/chinas-animal-trade-spawn-more-viral-outbreaks-experts,2020-26-01,Today Online,auto,2020-01-26
65,Studies show person infected with Wuhan virus passes it on to 2 to 3 others,https://www.todayonline.com/world/studies-show-person-infected-wuhan-virus-passes-it-2-3-others,2020-26-01,Today Online,auto,2020-01-26
66,4th confirmed case of Wuhan virus in Singapore: MOH,https://www.todayonline.com/singapore/4th-confirmed-case-wuhan-virus-singapore-moh,2020-26-01,Today Online,auto,2020-01-26
67,Police in Malaysia detain Chinese parents who escaped Johor hospital with coronavirus suspect kid,https://www.todayonline.com/world/police-malaysia-detain-chinese-parents-who-escaped-johor-hospital-coronavirus-suspect-kid,2020-26-01,Today Online,auto,2020-01-26
68,"In one Wuhan hospital, long lines, fear and frustration",https://www.todayonline.com/world/one-wuhan-hospital-long-lines-fear-and-frustration,2020-27-01,Today Online,auto,2020-01-27
69,"Singaporeans, cabin crew return from Hangzhou on Scoot relief flight, 15 under quarantine",https://www.todayonline.com/singapore/singaporeans-cabin-crew-return-hangzhou-scoot-relief-flight-15-under-quarantine,2020-27-01,Today Online,auto,2020-01-27
70,Chinese premier Li Keqiang visits city at epicentre of virus,https://www.todayonline.com/world/chinese-premier-li-keqiang-visits-city-epicentre-virus,2020-27-01,Today Online,auto,2020-01-27
71,China extends holiday to buy time as virus keeps spreading,https://www.todayonline.com/world/china-extends-holiday-buy-time-virus-keeps-spreading,2020-27-01,Today Online,auto,2020-01-27
72,"Wuhan virus: No ban on travellers from China at the moment, as Govt cautions against overreacting",https://www.todayonline.com/singapore/wuhan-virus-no-ban-china-travellers-moment-govt-cautions-against-overreacting,2020-27-01,Today Online,auto,2020-01-27
73,"Malaysia puts temporary ban on visitors from Wuhan, Hubei",https://www.todayonline.com/world/malaysia-puts-temporary-ban-visitors-wuhan-hubei-0,2020-27-01,Today,manual,2020-01-27
74,"China death toll spikes to 81, over 2,700 cases confirmed",https://www.todayonline.com/world/china-death-toll-spikes-80-over-2700-cases-confirmed,2020-27-01,Today Online,auto,2020-01-27
75,"Wuhan virus: Some workers, students returning to Singapore from China will have to take mandated 14-day leave of absence",https://www.todayonline.com/singapore/wuhan-virus-workers-students-returning-china-will-have-take-14-day-leave-absence,2020-27-01,Today Online,auto,2020-01-27
76,"Wuhan virus: Government will not hesitate to use Pofma on fake news regarding viral outbreak, says Iswaran",https://www.todayonline.com/singapore/wuhan-virus-government-will-not-hesitate-use-pofma-fake-news-regarding-viral-outbreak-says,2020-27-01,Today Online,auto,2020-01-27
77,Anger mounts over Chinese government response at epidemic epicentre,https://www.todayonline.com/world/anger-mounts-over-government-response-epidemic-epicentre,2020-27-01,Today Online,auto,2020-01-27
78,Pofma Office issues correction notice to SPH Magazines over HardwareZone Forum post on Wuhan virus,https://www.todayonline.com/singapore/pofma-office-issues-correction-notice-sph-magazines-over-hardwarezone-forum-post-wuhan,2020-27-01,Today,manual,2020-01-27
79,2 more confirmed cases of Wuhan virus in S’pore; new visitors who have recently been to Hubei barred from Jan 29,https://www.todayonline.com/singapore/visitors-who-have-been-hubei-over-last-14-days-barred-entering-or-transiting-singapore,2020-28-01,Today Online,auto,2020-01-28
80,"Wuhan virus: Preschools step up defences, parents largely assured",https://www.todayonline.com/singapore/wuhan-virus-preschools-step-defences-parents-largely-assured,2020-28-01,Today Online,auto,2020-01-28
81,S’poreans must be prepared for Wuhan virus spreading in the community: PM Lee,https://www.todayonline.com/singapore/sporeans-must-be-prepared-wuhan-virus-spread-community-pm-lee,2020-28-01,Today Online,auto,2020-01-28
82,Singapore confirms 5th case of Wuhan virus,https://www.todayonline.com/singapore/singapore-confirms-5th-case-wuhan-virus,2020-28-01,Today Online,auto,2020-01-28
83,From a DIY show in Geylang to Paris Fashion Week: How a local youth label made it big,https://www.todayonline.com/singapore/diy-show-geylang-paris-fashion-week-how-local-youth-label-made-it-big,2020-28-01,Today,manual,2020-01-28
84,Experts say China virus outbreak will last months at least,https://www.todayonline.com/world/experts-say-china-virus-outbreak-will-last-months-least,2020-28-01,Today,manual,2020-01-28
85,Chinese embassy wants Danish paper to apologise for coronavirus cartoon,https://www.todayonline.com/world/chinese-embassy-wants-danish-paper-apologise-coronavirus-cartoon-0,2020-28-01,Today,manual,2020-01-28
86,Coronavirus outbreak could peak in ten days: Chinese expert,https://www.todayonline.com/world/who-says-china-virus-evacuations-not-needed-report,2020-28-01,Today,manual,2020-01-28
87,Hong Kong slashes border crossings with China over virus,https://www.todayonline.com/world/hong-kong-slashes-border-crossings-china-over-virus,2020-28-01,Today,manual,2020-01-28
88,A divided Hong Kong confronts the arrival of the coronavirus,https://www.todayonline.com/world/divided-hong-kong-confronts-arrival-coronavirus,2020-29-01,Today,manual,2020-01-29
89,China police drop case of SARS 'rumour-mongering' at start of new crisis,https://www.todayonline.com/world/china-police-drop-case-sars-rumour-mongering-start-new-crisis-0,2020-29-01,Today Online,auto,2020-01-29
90,"No hot meals, blankets, magazines as airlines step up fight on virus",https://www.todayonline.com/world/no-hot-meals-blankets-magazines-airlines-step-fight-virus-1,2020-29-01,Today Online,auto,2020-01-29
91,Live from Wuhan: Millions tune in to watch China build coronavirus hospitals,https://www.todayonline.com/world/live-wuhan-millions-tune-watch-china-build-coronavirus-hospitals,2020-29-01,Today Online,auto,2020-01-29
92,"China confirms 5,974 virus cases, exceeding nation's Sars total",https://www.todayonline.com/world/china-confirms-5974-virus-cases-exceeding-nations-sars-total,2020-29-01,Today Online,auto,2020-01-29
93,Researchers are racing to make a coronavirus vaccine. Will it help?,https://www.todayonline.com/world/researchers-are-racing-make-coronavirus-vaccine-will-it-help,2020-29-01,Today Online,auto,2020-01-29
94,Putrajaya to discuss with China to bring back Malaysians trapped in Hubei province,https://www.todayonline.com/world/putrajaya-discuss-china-bring-back-malaysians-trapped-hubei-province,2020-29-01,Today Online,auto,2020-01-29
95,"Three new confirmed cases of Wuhan virus in Malaysia, bringing total to seven",https://www.todayonline.com/world/three-new-confirmed-cases-wuhan-virus-malaysia-bringing-total-seven,2020-29-01,Today Online,auto,2020-01-29
96,Chinese actress Angelababy and hubby donate S$39k to buy masks for Wuhan medical personnel,https://www.todayonline.com/world/chinese-actress-angelababy-and-hubby-donate-s39k-buy-masks-wuhan-medical-personnel,2020-29-01,Today Online,auto,2020-01-29
97,"China virus toll exceeds 130 as Japan, US evacuate citizens",https://www.todayonline.com/world/chinas-hubei-province-center-virus-outbreak-confirms-25-new-deaths-0,2020-29-01,Today,manual,2020-01-29
98,Suspected Chinese coronavirus patient gives birth to baby by caesarean,https://www.todayonline.com/world/suspected-chinese-coronavirus-patient-gives-birth-baby-caesarean-1,2020-29-01,Today Online,auto,2020-01-29
99,Explainer: How contagious is the Wuhan coronavirus and can you spread it before symptoms start?,https://www.todayonline.com/world/explainer-how-contagious-wuhan-coronavirus-and-can-you-spread-it-symptoms-start,2020-29-01,Today Online,auto,2020-01-29
100,Japanese evacuated from Wuhan describe fear in virus epicentre,https://www.todayonline.com/world/japanese-evacuated-wuhan-describe-fear-virus-epicentre,2020-29-01,Today Online,auto,2020-01-29
101,Virus crisis exposes cracks in China’s facade of unity,https://www.todayonline.com/world/virus-crisis-exposes-cracks-chinas-facade-unity,2020-29-01,Today,manual,2020-01-29
102,"Wuhan virus outbreak: Singapore confirms 3 more cases, bringing total to 10",https://www.todayonline.com/singapore/wuhan-virus-outbreak-singapore-confirms-3-more-cases-bringing-total-10,2020-29-01,Today Online,auto,2020-01-29
103,How do bats live with so many viruses?,https://www.todayonline.com/world/how-do-bats-live-so-many-viruses,2020-29-01,Today,manual,2020-01-29
104,Explainer: Why Wuhan virus outbreak has not been declared a global public health emergency,https://www.todayonline.com/world/explainer-why-wuhan-virus-outbreak-has-not-been-declared-global-public-health-emergency,2020-29-01,Today,manual,2020-01-29
105,Beijing drugstore fined for hiking mask prices amid virus outbreak,https://www.todayonline.com/world/beijing-drug-store-fined-434530-hiking-price-masks-0,2020-29-01,Today,manual,2020-01-29
106,"In Wuhan, luxury hotel feels haunted by virus outbreak",https://www.todayonline.com/world/wuhan-luxury-hotel-feels-haunted-virus-outbreak,2020-29-01,Today Online,auto,2020-01-29
107,"Wuhan virus: Online firms Carousell, Qoo10 threaten to suspend sellers charging inflated prices for face masks",https://www.todayonline.com/singapore/wuhan-virus-amid-face-mask-shortage-online-sellers-charge-highly-inflated-prices-sparking,2020-29-01,Today,manual,2020-01-29
108,Explainer: How residences and commercial buildings exposed to the Wuhan virus should be disinfected,https://www.todayonline.com/singapore/explainer-how-residences-and-commercial-buildings-exposed-wuhan-virus-should-be,2020-29-01,Today,manual,2020-01-29
109,Australia scientists to share lab-grown coronavirus to hasten vaccine efforts,https://www.todayonline.com/world/australia-scientists-claim-first-re-creation-coronavirus-outside-china,2020-29-01,Today,manual,2020-01-29
110,Managing our fear of the Wuhan virus,https://www.todayonline.com/commentary/managing-our-fear-wuhan-virus,2020-30-01,Today Online,auto,2020-01-30
111,"To limit false reports on Wuhan virus, Pofma exemptions no longer apply for online channels: MCI",https://www.todayonline.com/singapore/limit-false-reports-wuhan-virus-Pofma-exemptions-no-longer-apply-online-channels,2020-30-01,Today Online,auto,2020-01-30
112,Wuhan virus outbreak: India reports its first case of coronavirus,https://www.todayonline.com/world/wuhan-virus-outbreak-india-reports-its-first-case-coronavirus,2020-30-01,Today Online,auto,2020-01-30
113,"Hoarding, panic buying of masks will wreck Singapore's efforts to fight spread of Wuhan virus: Chan Chun Sing",https://www.todayonline.com/singapore/hoarding-panic-buying-will-destroy-singapores-system-fight-spread-wuhan-virus-chan-chun,2020-30-01,Today Online,auto,2020-01-30
114,Fact check: Wuhan coronavirus breeds false claims around the world,https://www.todayonline.com/world/fact-check-wuhan-coronavirus-breeds-false-claims-around-world,2020-30-01,Today Online,auto,2020-01-30
115,What will be the economic impact of the Wuhan virus? It depends on how fear spreads,https://www.todayonline.com/commentary/what-will-be-economic-impact-wuhan-virus-it-depends-how-fear-spreads,2020-30-01,Today Online,auto,2020-01-30
116,Malaysia confirms 8th coronavirus case,https://www.todayonline.com/world/malaysia-confirms-8th-coronavirus-case,2020-30-01,Today Online,auto,2020-01-30
117,"Wuhan virus outbreak: Singapore confirms 3 more cases, all Chinese nationals from Wuhan, bringing total to 13",https://www.todayonline.com/singapore/wuhan-virus-outbreak-singapore-confirms-3-more-cases-all-chinese-nationals-wuhan-bringing,2020-30-01,Today Online,auto,2020-01-30
118,Govt to distribute masks to all 1.37 million Singapore households amid Wuhan virus outbreak,https://www.todayonline.com/singapore/govt-distribute-masks-all-137-million-singaporean-households-amid-wuhan-virus-outbreak,2020-30-01,Today Online,auto,2020-01-30
119,92 Singaporeans return home from Wuhan; 'some' who show symptoms of virus remain behind,https://www.todayonline.com/singapore/92-singaporeans-return-wuhan-jan-30-mfa,2020-30-01,Today Online,auto,2020-01-30
120,"China virus death toll rises to 170, more than 1,700 new cases",https://www.todayonline.com/world/china-virus-death-toll-rises-169-more-1000-new-cases,2020-30-01,Today Online,auto,2020-01-30
121,"As coronavirus explodes in China, countries struggle to control its spread",https://www.todayonline.com/world/coronavirus-explodes-china-countries-struggle-control-its-spread,2020-30-01,Today Online,auto,2020-01-30
122,Wuhan virus: Some hotels in S'pore brace themselves for fallout,https://www.todayonline.com/singapore/bookings-fall-one-spore-hotel-which-hosted-guest-who-later-tested-positive-wuhan-virus,2020-30-01,Today,manual,2020-01-30
123,New coronavirus study places incubation period at around 5 days,https://www.todayonline.com/world/new-coronavirus-study-places-incubation-period-around-5-days,2020-30-01,Today Online,auto,2020-01-30
124,"Economies of Singapore, Thailand to be hardest hit in Asean by Wuhan virus: Analysts’ report",https://www.todayonline.com/singapore/singapore-thailand-economies-be-hardest-hit-asean-wuhan-virus-analysts-report,2020-30-01,Today,manual,2020-01-30
125,Philippines confirms first case of new coronavirus - health minister,https://www.todayonline.com/world/philippines-confirms-first-case-new-coronavirus-health-minister,2020-30-01,Today,manual,2020-01-30
126,"Several public hospitals reschedule non-urgent procedures, outpatient appointments to manage Wuhan virus situation",https://www.todayonline.com/singapore/some-hospitals-reschedule-non-urgent-procedures-outpatient-appointments-manage-wuhan-virus,2020-30-01,Today Online,auto,2020-01-30
127,More Japanese evacuated from China virus epicentre as death toll climbs,https://www.todayonline.com/world/more-japanese-evacuated-china-virus-epicentre-death-toll-climbs,2020-30-01,Today Online,auto,2020-01-30
128,Stay-at-home fathers in S’pore face stigma amid persistent belief mothers are best caregivers: Study,https://www.todayonline.com/singapore/stay-home-fathers-spore-face-stigma-amid-persistent-belief-mothers-are-best-caregivers,2020-30-01,Today,manual,2020-01-30
129,"Chingay Parade, Singapore Airshow to continue with added precautions against Wuhan virus",https://www.todayonline.com/singapore/chingay-parade-singapore-airshow-continue-added-precautions-against-wuhan-virus,2020-30-01,Today Online,auto,2020-01-30
130,Wanted: Hundreds of temperature screeners to be paid up to S$32 an hour amid Wuhan virus outbreak,https://www.todayonline.com/singapore/wanted-hundreds-temperature-screeners-who-will-be-paid-s32-hour-amid-wuhan-virus-outbreak,2020-30-01,Today Online,auto,2020-01-30
131,China’s ‘demon’ virus leaves health experts at odds on when infection rate will slow,https://www.todayonline.com/world/chinas-demon-virus-leaves-health-experts-odds-when-infection-rate-will-slow,2020-30-01,Today Online,auto,2020-01-30
132,Muslims who are feeling unwell need not attend Friday prayers: Muis,https://www.todayonline.com/singapore/muslims-who-are-feeling-unwell-need-not-attend-friday-prayers-muis,2020-30-01,Today Online,auto,2020-01-30
133,Stranded in Wuhan: Foreigners raise call for help in virus epicentre,https://www.todayonline.com/world/stranded-wuhan-foreigners-raise-call-help-virus-epicentre,2020-30-01,Today Online,auto,2020-01-30
134,Netizens Can't Get Over Lin Chiling’s Unusually Sharp Chin In Her Video Thanking Medical Staff Fighting Wuhan Virus,https://www.todayonline.com/8days/sceneandheard/entertainment/netizens-cant-get-over-lin-chilings-unusually-sharp-chin-her-video,2020-30-01,Today,manual,2020-01-30
135,Travellers breach Wuhan coronavirus lockdown by crossing bridge over Yangtze on foot,https://www.todayonline.com/world/travellers-breach-wuhan-coronavirus-lockdown-crossing-bridge-over-yangtze-foot,2020-31-01,Today Online,auto,2020-01-31
136,Explainer: What WHO’s declaration of Wuhan coronavirus as a global emergency means for the man in the street,https://www.todayonline.com/singapore/explainer-how-does-whos-declaration-wuhan-coronavirus-global-emergency-affect-singapore,2020-31-01,Today Online,auto,2020-01-31
137,The global spread of the coronavirus: Where is it?,https://www.todayonline.com/world/global-spread-coronavirus-where-it,2020-31-01,Today Online,auto,2020-01-31
138,"As Wuhan coronavirus spreads, so does anti-Chinese sentiment",https://www.todayonline.com/world/wuhan-coronavirus-spreads-so-does-anti-chinese-sentiment,2020-31-01,Today Online,auto,2020-01-31
139,"Pilots, flight attendants demand flights to China stop as Wuhan coronavirus fear mounts worldwide",https://www.todayonline.com/world/pilots-flight-attendants-demand-flights-china-stop-wuhan-coronavirus-fear-mounts-worldwide,2020-31-01,Today Online,auto,2020-01-31
140,Malaysia to donate 18 million medical rubber gloves to Wuhan,https://www.todayonline.com/world/malaysia-donate-18-million-medical-rubber-gloves-wuhan,2020-31-01,Today Online,auto,2020-01-31
141,Thousands held on liner in Italy over virus fears for China couple,https://www.todayonline.com/world/thousands-held-liner-italy-over-virus-fears-china-couple,2020-31-01,Today Online,auto,2020-01-31
142,Italy lets passengers off cruise ship after virus scare,https://www.todayonline.com/world/italy-lets-passengers-cruise-ship-after-virus-scare,2020-31-01,Today Online,auto,2020-01-31
143,China virus death toll tops 200 as WHO declares global emergency,https://www.todayonline.com/world/china-virus-death-toll-tops-200-who-declares-global-emergency,2020-31-01,Today Online,auto,2020-01-31
144,WHO declares international emergency over Wuhan coronavirus,https://www.todayonline.com/world/who-declares-international-emergency-over-novel-coronavirus,2020-31-01,Today Online,auto,2020-01-31
145,Explainer: What is a super spreader of diseases like the Wuhan coronavirus?,https://www.todayonline.com/world/explainer-what-super-spreader-diseases-wuhan-coronavirus,2020-31-01,Today Online,auto,2020-01-31
146,"Wuhan coronavirus: First infected Singaporean among 3 new cases, bringing tally to 16",https://www.todayonline.com/singapore/wuhan-coronavirus-first-infected-singaporean-among-3-new-cases-bringing-tally-16,2020-31-01,Today Online,auto,2020-01-31
147,"Barbie Hsu Sends 10,000 Masks To Wuhan After Taiwan Halts Export Of Masks; She & Her Sister Dee Get Slammed By Taiwanese Netizens",https://www.todayonline.com/8days/sceneandheard/entertainment/barbie-hsu-sends-10000-masks-wuhan-after-taiwan-halts-export-masks,2020-31-01,Today,manual,2020-01-31
148,Distribution of masks will start at 200 RC centres from Feb 1,https://www.todayonline.com/singapore/distribution-masks-will-start-200-rc-centres-saturday-chan-chun-sing,2020-31-01,Today,manual,2020-01-31
149,"All new visitors who have been to China in the last 14 days to be barred from entering, transiting through S'pore",https://www.todayonline.com/singapore/all-new-visitors-who-have-been-china-last-14-days-barred-entering-transiting-through,2020-31-01,Today,manual,2020-01-31
150,"Warnings of online scams, dubious goods amid mask-buying frenzy",https://www.todayonline.com/world/warnings-online-scams-dubious-goods-amid-mask-buying-frenzy,2020-31-01,Today,manual,2020-01-31
151,"Gan, Wong to deliver ministerial statement on whole-of-Govt response to Wuhan coronavirus in Parliament on Feb 3",https://www.todayonline.com/singapore/questions-wuhan-coronavirus-set-dominate-sitting-parliament-feb-3,2020-31-01,Today,manual,2020-01-31
152,Thai taxi driver is kingdom’s first human-to-human transmission of Wuhan coronavirus,https://www.todayonline.com/world/thai-taxi-driver-kingdoms-first-human-human-transmission-virus,2020-31-01,Today,manual,2020-01-31
153,"Wuhan coronavirus: Scoot to suspend flights between Singapore and 11 Chinese cities, Singapore Airlines to reduce capacity",https://www.todayonline.com/singapore/wuhan-virus-scoot-suspend-flights-between-singapore-and-11-chinese-cities-singapore,2020-31-01,Today Online,auto,2020-01-31
154,Closing borders could accelerate spread of Wuhan coronavirus: WHO,https://www.todayonline.com/world/closing-borders-could-accelerate-spread-wuhan-coronavirus-who,2020-31-01,Today,manual,2020-01-31
155,"MOH, MTI issue correction directions over posts about Wuhan coronavirus transmissions, supply of face masks",https://www.todayonline.com/singapore/moh-mti-issue-correction-directions-over-posts-about-wuhan-coronavirus-transmissions,2020-31-01,Today Online,auto,2020-01-31
156,"Wuhan coronavirus: Govt ‘overreacting’ to take preemptive steps but individuals should heed ‘best advice’, says PM Lee",https://www.todayonline.com/singapore/wuhan-coronavirus-govt-overreacting-order-take-preemptive-steps-individuals-should-heed,2020-31-01,Today Online,auto,2020-01-31
157,"SAF personnel packing masks, doing contact tracing, supporting fight against Wuhan coronavirus",https://www.todayonline.com/singapore/saf-personnel-packing-masks-contact-tracing-supporting-fight-against-wuhan-coronavirus,2020-31-01,Today Online,auto,2020-01-31
158,"Nearly 1,000 students, staff on leave of absence after returning from China, says MOE",https://www.todayonline.com/singapore/nearly-1000-students-staff-leave-absence-after-returning-china-says-moe,2020-31-01,Today,manual,2020-01-31
159,'This is different now': Doctor who treated first Sars patient says S'pore is better prepared for Wuhan coronavirus,https://www.todayonline.com/singapore/doctor-who-treated-first-sars-patient-says-singapore-better-prepared-wuhan-coronavirus,2020-01-02,Today Online,auto,2020-02-01
160,Chinese tourists desert Phuket as Wuhan coronavirus spreads,https://www.todayonline.com/world/chinese-tourists-desert-phuket-wuhan-coronavirus-spreads,2020-01-02,Today Online,auto,2020-02-01
161,Chinese tourists desert Thai resort as coronavirus spreads,https://www.todayonline.com/world/chinese-tourists-desert-thai-resort-coronavirus-spreads,2020-01-02,Today Online,auto,2020-02-01
162,China ambassador says no need for 'unnecessary panic' over Wuhan coronavirus,https://www.todayonline.com/world/china-ambassador-says-no-need-unnecessary-panic-over-wuhan-coronavirus,2020-01-02,Today,manual,2020-02-01
163,"The Big Read: 17 years on, S’pore puts Sars lessons to the test in fight against Wuhan coronavirus",https://www.todayonline.com/singapore/big-read-17-years-spore-puts-sars-lessons-test-fight-against-wuhan-coronavirus,2020-01-02,Today,manual,2020-02-01
164,"Anxiety, confusion, rush for masks: How the Wuhan coronavirus makes people panicky and how to stay calm",https://www.todayonline.com/singapore/anxiety-confusion-rush-masks-how-wuhan-coronavirus-makes-people-panicky-and-how-stay-calm,2020-01-02,Today Online,auto,2020-02-01
165,First day of free mask distribution sees orderly proceedings and minimal queues,https://www.todayonline.com/singapore/first-day-free-mask-distribution-sees-orderly-proceedings-and-minimal-queues,2020-01-02,Today Online,auto,2020-02-01
166,"Ban on new visitors who have been to China is to protect S'pore's public health, anti-China sentiment unhelpful: PM Lee",https://www.todayonline.com/singapore/ban-new-visitors-who-have-been-china-protect-spores-public-health-anti-china-sentiment,2020-01-02,Today Online,auto,2020-02-01
167,"Vietnam suspends all China flights, Australia to bar entry to non-citizens arriving from Chinese mainland",https://www.todayonline.com/world/wuhan-coronavirus-vietnam-suspends-all-china-flights-australia-refuse-entry-non-citizens,2020-01-02,Today,manual,2020-02-01
168,The Big Read in short: Fighting the Wuhan coronavirus with lessons from Sars crisis,https://www.todayonline.com/singapore/big-read-short-fighting-wuhan-coronavirus-lessons-sars-crisis,2020-01-02,Today Online,auto,2020-02-01
169,"Wuhan coronavirus: Second infected S'porean among 2 new cases, no evidence of community spread, says MOH",https://www.todayonline.com/singapore/wuhan-coronavirus-second-infected-singaporean-among-2-new-cases-no-evidence-community,2020-01-02,Today Online,auto,2020-02-01
170,China facing global isolation as virus toll rises,https://www.todayonline.com/world/china-reports-46-new-coronavirus-deaths-total-259,2020-01-02,Today Online,auto,2020-02-01
171,"Private hire, taxi drivers worried about picking up sick passengers as Wuhan coronavirus cases mount",https://www.todayonline.com/singapore/private-hire-taxi-drivers-worried-about-picking-sick-passengers-wuhan-coronavirus-outbreak,2020-01-02,Today Online,auto,2020-02-01
172,"Singapore confident, supportive of China’s handling of Wuhan coronavirus outbreak: Shanmugam",https://www.todayonline.com/singapore-confident-supportive-chinas-handling-wuhan-coronavirus-outbreak-shanmugam,2020-02-02,Today Online,auto,2020-02-02
173,"Coronavirus won't turn you into a 'zombie', says Malaysia",https://www.todayonline.com/world/coronavirus-wont-turn-you-zombie-says-malaysia,2020-02-02,Today,manual,2020-02-02
174,China's Hubei province reports rise in coronavirus deaths to 294,https://www.todayonline.com/world/chinas-hubei-province-reports-45-new-coronavirus-deaths-feb-1-total-294,2020-02-02,Today Online,auto,2020-02-02
175,"Worst hit by Wuhan coronavirus outbreak, tourism and transport sectors to get targeted help in Budget: DPM Heng",https://www.todayonline.com/singapore/worst-hit-wuhan-coronavirus-outbreak-tourism-and-transport-sectors-get-targeted-help,2020-02-02,Today Online,auto,2020-02-02
176,Indonesia to stop flights to and from China amid Wuhan coronavirus epidemic,https://www.todayonline.com/world/indonesia-stop-flights-and-china-amid-coronavirus-epidemic-0,2020-02-02,Today,manual,2020-02-02
177,"As Wuhan coronavirus spread, China’s old habits delayed fight",https://www.todayonline.com/world/wuhan-coronavirus-spread-chinas-old-habits-delayed-fight,2020-02-02,Today Online,auto,2020-02-02
178,Please take my daughter': Mother of girl with cancer pleads at virus blockade,https://www.todayonline.com/world/please-take-my-daughter-mother-girl-cancer-pleads-virus-blockade,2020-02-02,Today,manual,2020-02-02
179,Japan confirms three more citizens evacuated from Wuhan test positive for coronavirus,https://www.todayonline.com/world/japan-confirms-three-more-citizens-evacuated-wuhan-test-positive-coronavirus-1,2020-02-02,Today,manual,2020-02-02
180,Wuhan coronavirus death toll rises to 304 with 45 new fatalities: Chinese govt,https://www.todayonline.com/world/wuhan-coronavirus-death-toll-rises-304-45-new-fatalities-chinese-govt,2020-02-02,Today Online,auto,2020-02-02
181,"Wuhan doctors beaten up, overworked, under supplied",https://www.todayonline.com/world/wuhan-doctors-beaten-overworked-under-supplied,2020-02-02,Today,manual,2020-02-02
182,Chinese city Wenzhou outside Wuhan coronavirus epicentre shuts down,https://www.todayonline.com/world/chinese-city-wenzhou-outside-wuhan-coronavirus-epicentre-shuts-down,2020-02-02,Today,manual,2020-02-02
183,"No new cases of Wuhan coronavirus in Singapore as of 2pm on Feb 2, contact tracing for confirmed cases ongoing: MOH",https://www.todayonline.com/singapore/no-new-cases-wuhan-coronavirus-singapore-contact-tracing-confirmed-cases-ongoing-moh,2020-02-02,Today Online,auto,2020-02-02
184,"China singles out US for criticism, after travel restrictions imposed by a raft of countries",https://www.todayonline.com/world/china-singles-out-us-criticism-after-travel-restrictions-imposed-raft-countries,2020-02-02,Today Online,auto,2020-02-02
185,‘Don’t say I’m from Wuhan’: Community in S’pore keeps low profile as coronavirus wrecks hometown,https://www.todayonline.com/singapore/dont-say-im-wuhan-community-spore-keeps-low-profile-coronavirus-wrecks-hometown,2020-02-02,Today Online,auto,2020-02-02
186,S’pore must prepare for long haul given uncertainty over Wuhan coronavirus: Chan Chun Sing,https://www.todayonline.com/singapore/spore-must-prepare-long-haul-given-uncertainty-over-wuhan-coronavirus-chan-chun-sing,2020-02-02,Today Online,auto,2020-02-02
187,"Wuhan coronavirus: Licence fees waived for all hotels, those with infected guests get help with cleaning costs",https://www.todayonline.com/singapore/wuhan-coronavirus-licence-fees-waived-all-hotels-those-infected-guests-get-help-cleaning,2020-02-02,Today Online,auto,2020-02-02
188,"Wuhan coronavirus: S’pore imposed travel ban because of its size, situation and resources, says Shanmugam",https://www.todayonline.com/singapore/wuhan-coronavirus-spore-imposed-travel-ban-because-its-size-situation-and-resources-says,2020-02-02,Today Online,auto,2020-02-02
189,"Religious teacher under investigation by MHA, Muis for post saying novel coronavirus was retribution from Allah against Chinese",https://www.todayonline.com/singapore/religious-teacher-under-investigation-mha-muis-racist-post-saying-novel-coronavirus-was,2020-02-02,Today,manual,2020-02-02
190,"Vietnam airlines resume flights to Taiwan, HK and Macau after govt lifts bans",https://www.todayonline.com/world/vietnam-airlines-resume-flights-taiwan-hk-and-macau-after-govt-lifts-bans-0,2020-02-02,Today,manual,2020-02-02
191,Philippines reports first Wuhan coronavirus death outside China,https://www.todayonline.com/world/philippines-reports-first-virus-death-outside-china,2020-02-02,Today,manual,2020-02-02
192,"China reports outbreak of deadly bird flu among chickens in Hunan province, close to coronavirus epicentre of Wuhan",https://www.todayonline.com/world/china-reports-outbreak-deadly-bird-flu-among-chickens-hunan-province-close-coronavirus,2020-02-02,Today,manual,2020-02-02
193,NTU undergraduates create campaign to combat ‘fake news’ spreading among older S’poreans,https://www.todayonline.com/singapore/ntu-undergraduates-create-campaign-combat-fake-news-among-older-sporeans,2020-02-02,Today Online,auto,2020-02-02
194,No new confirmed cases of novel coronavirus in Singapore for a second day: MOH,https://www.todayonline.com/singapore/no-new-confirmed-cases-wuhan-novel-coronavirus-singapore-second-day-moh,2020-03-02,Today Online,auto,2020-02-03
195,The novel coronavirus outbreak raises the spectre of Sars,https://www.todayonline.com/commentary/wuhan-novel-coronavirus-outbreak-spectre-sars,2020-03-02,Today Online,auto,2020-02-03
196,"More than 500 quarantined due to coronavirus, ugly behaviour towards them ‘irresponsible’: Lawrence Wong",https://www.todayonline.com/singapore/more-500-quarantined-due-wuhan-coronavirus-ugly-behaviour-towards-them-irresponsible-lawrence,2020-03-02,Today Online,auto,2020-02-03
197,"140 S’poreans still in Wuhan, 4 not evacuated earlier due to symptoms, hospitalisation: Lawrence Wong",https://www.todayonline.com/singapore/140-sporeans-still-wuhan-coronavirus-4-unable-board,2020-03-02,Today Online,auto,2020-02-03
198,Major summit on eve of Singapore Airshow cancelled on coronavirus fears,https://www.todayonline.com/singapore/some-exhibitors-drop-out-singapore-airshow-due-wuhan-coronavirus,2020-03-02,Today Online,auto,2020-02-03
199,Chinese turn to social media to feed stranded pets in virus city,https://www.todayonline.com/world/chinese-turn-social-media-feed-stranded-pets-virus-city,2020-03-02,Today Online,auto,2020-02-03
200,"Novel coronavirus looks increasingly like a pandemic, experts say",https://www.todayonline.com/world/novel-wuhan-coronavirus-looks-increasingly-pandemic-experts-say,2020-03-02,Today Online,auto,2020-02-03
201,"Novel coronavirus: Deaths in China rise to 360, exceeding country's Sars death toll",https://www.todayonline.com/world/wuhan-virus-deaths-china-rise-360-exceeding-sars-mainland-toll,2020-03-02,Today Online,auto,2020-02-03
202,Quieter response to novel coronavirus in countries where China holds sway,https://www.todayonline.com/world/quieter-response-novel-coronavirus-countries-where-china-holds-sway,2020-03-02,Today Online,auto,2020-02-03
203,Annie Yi Seen Handling Her Mask The Wrong Way In Her Video About The Wuhan Virus,https://www.todayonline.com/8days/sceneandheard/entertainment/annie-yi-seen-handling-her-mask-wrong-way-her-video-about-wuhan,2020-03-02,Today,manual,2020-02-03
204,"After eight-day construction, China's novel coronavirus hospital to receive patients",https://www.todayonline.com/world/after-eight-day-construction-china-virus-hospital-receive-patients-0,2020-03-02,Today Online,auto,2020-02-03
205,Novel coronavirus: Scientists identify possible new mode of transmission — human faeces,https://www.todayonline.com/world/wuhan-coronavirus-scientists-identify-possible-new-mode-transmission-human-faeces,2020-03-02,Today Online,auto,2020-02-03
206,Novel coronavirus outbreak: How bad will the crisis get?,https://www.todayonline.com/world/wuhan-coronavirus-outbreak-how-bad-will-crisis-get,2020-03-02,Today Online,auto,2020-02-03
207,Novel coronavirus outbreak: Indonesia bars entry to visitors from China amid evacuation protest,https://www.todayonline.com/world/wuhan-coronavirus-outbreak-Indonesia-bars-entry-visitors-China-amid-evacuation-protest,2020-03-02,Today Online,auto,2020-02-03
208,Virus-free certificates? Enough medical staff? MPs pepper ministers with questions on novel coronavirus,https://www.todayonline.com/singapore/virus-free-certificates-enough-medical-staff-parliament-questions-over-wuhan-novel-coronavirus,2020-03-02,Today Online,auto,2020-02-03
209,Wuhan coronavirus: Some tourism-related firms hit hard by travel ban,https://www.todayonline.com/singapore/wuhan-coronavirus-some-tourism-related-firms-hit-hard-travel-ban,2020-03-02,Today Online,auto,2020-02-03
210,Thailand sees apparent success treating novel coronavirus with drug cocktail,https://www.todayonline.com/world/thailand-sees-apparent-success-treating-wuhan-virus-drug-cocktail,2020-03-02,Today Online,auto,2020-02-03
211,China’s place in world economy means novel coronavirus will hit global growth,https://www.todayonline.com/commentary/novel-wuhan-coronavirus-china-global-growth,2020-03-02,Today Online,auto,2020-02-03
212,China says 'urgently needs' medical masks to tackle virus,https://www.todayonline.com/world/china-says-urgently-needs-medical-masks-tackle-virus,2020-03-02,Today Online,auto,2020-02-03
213,Life in the time of coronavirus: How Wuhan made it through a week in lockdown,https://www.todayonline.com/world/life-time-coronavirus-how-wuhan-made-it-through-week-lockdown,2020-03-02,Today Online,auto,2020-02-03
214,"Singapore has to be ready for community spread, mutation of coronavirus: Gan Kim Yong",https://www.todayonline.com/singapore/Singapore-ready-community-spread-mutation-Wuhan-coronavirus-Gan-Kim-Yong,2020-03-02,Today Online,auto,2020-02-03
215,China hunts for travellers from virus epicentre,https://www.todayonline.com/world/china-hunts-travellers-virus-epicentre,2020-03-02,Today Online,auto,2020-02-03
216,‘Lowest of the low’: Cleaners in Hong Kong forgotten amid Wuhan virus crisis,https://www.todayonline.com/world/lowest-low-cleaners-hong-kong-forgotten-amid-wuhan-virus-crisis,2020-03-02,Today Online,auto,2020-02-03
217,"Japan quarantines 3,500 on cruise ship over novel coronavirus",https://www.todayonline.com/world/japan-quarantines-3500-cruise-ship-over-novel-coronavirus,2020-04-02,Today Online,auto,2020-02-04
218,Chinese boy with cerebral palsy dies a week after father taken into novel coronavirus quarantine,https://www.todayonline.com/china-boy-cerebral-palsy-die-father-wuhan-coronavirus-quarantine,2020-04-02,Today Online,auto,2020-02-04
219,Coronavirus outbreak shows the US and China are sailing in the same boat and share similar national security concerns,https://www.todayonline.com/commentary/wuhan-coronavirus-shows-us-china-sailing-same-boat-share-national-security,2020-04-02,Today Online,auto,2020-02-04
220,South Korean woman tests positive for coronavirus after Thailand visit,https://www.todayonline.com/world/south-korean-woman-tests-positive-wuhan-coronavirus-after-thailand-visit,2020-04-02,Today Online,auto,2020-02-04
221,"Malaysia confirms first citizen infected with coronavirus, total cases now 10",https://www.todayonline.com/world/malaysia-confirms-first-citizen-infected-wuhan-coronavirus-total-cases-now-10,2020-04-02,Today Online,auto,2020-02-04
222,South Korean 'mask hoarders' threatened with jail,https://www.todayonline.com/world/south-korean-mask-hoarders-threatened-jail,2020-04-02,Today Online,auto,2020-02-04
223,"Stranded, quarantined, doxxed: How coronavirus made pariahs of those who left Wuhan",https://www.todayonline.com/world/stranded-quarantined-doxxed-how-coronavirus-made-pariahs-those-who-left-wuhan,2020-04-02,Today Online,auto,2020-02-04
224,"Thailand confirms six new coronavirus cases, including four Thais",https://www.todayonline.com/world/thailand-confirms-six-new-coronavirus-cases-including-four-thais,2020-04-02,Today Online,auto,2020-02-04
225,Novel coronavirus death toll in China rises to 425,https://www.todayonline.com/world/wuhan-coronavirus-death-toll-china-rises-425,2020-04-02,Today Online,auto,2020-02-04
226,The novel coronavirus: Explaining the origins of a disease on the move,https://www.todayonline.com/world/wuhan-coronavirus-explaining-origins-disease-move,2020-04-02,Today Online,auto,2020-02-04
227,Hong Kong reports first coronavirus death; Macau to shut casinos,https://www.todayonline.com/world/hong-kong-reports-first-wuhan-coronavirus-fatality-tvb-news,2020-04-02,Today Online,auto,2020-02-04
228,Macau to suspend casino operations for two weeks to curb spread of virus,https://www.todayonline.com/world/macau-suspend-casino-operations-two-weeks-curb-spread-virus,2020-04-02,Today Online,auto,2020-02-04
229,Hong Kong reports first coronavirus death as hospital workers escalate strike,https://www.todayonline.com/world/hong-kong-reports-first-wuhan-coronavirus-death-hospital-workers-escalate-strike,2020-04-02,Today Online,auto,2020-02-04
230,"15 exhibitors pull out of S'pore Airshow, summit cancelled to ‘allow aviation leaders to deal with coronavirus situation’: Organisers",https://www.todayonline.com/singapore/exhibitors-pull-out-singapore-airshow-aviation-leadership-summit-cancelled-wuhan-coronavirus,2020-04-02,Today Online,auto,2020-02-04
231,"Novel coronavirus: Scrapping school assemblies, field trips, communal activities among new precautionary measures",https://www.todayonline.com/singapore/wuhan-coronavirus-cancellation-school-assemblies-field-trips-and-communal-activities-among-new-measures,2020-04-02,Today Online,auto,2020-02-04
232,Beijing sees 'major test' as doors to China close and coronavirus deaths surpass Sars,https://www.todayonline.com/world/beijing-sees-major-test-doors-china-close-and-wuhan-coronavirus-deaths-surpass-sars,2020-04-02,Today Online,auto,2020-02-04
233,"Beijing in the time of coronavirus: No traffic, empty parks and fear",https://www.todayonline.com/world/beijing-time-coronavirus-no-traffic-empty-parks-and-fear,2020-04-02,Today Online,auto,2020-02-04
234,China admits 'shortcomings' in novel coronavirus response,https://www.todayonline.com/world/china-admits-shortcomings-wuhan-novel-coronavirus-response,2020-04-02,Today Online,auto,2020-02-04
235,Have a good cry but no boozing: Expert tips for virus-stressed China,https://www.todayonline.com/world/have-good-cry-no-boozing-expert-tips-virus-stressed-china,2020-04-02,Today Online,auto,2020-02-04
236,"Novel coronavirus: Singapore reports first local transmissions, 4 cases linked to Jalan Besar shop visited by Chinese tour groups",https://www.todayonline.com/singapore/wuhan-novel-coronavirus-singapore-reports-first-local-transmissions-4-cases-linked-jalan-besar,2020-04-02,Today Online,auto,2020-02-04
237,Use of HIV drugs to fight novel coronavirus in patients in S’pore ‘promising’: MOH chief health scientist,https://www.todayonline.com/singapore/results-using-hivaids-drugs-fight-wuhan-novel-coronavirus-patients-singapore-promising-moh-chief,2020-04-02,Today Online,auto,2020-02-04
238,More Chinese cities shut down as virus death toll rises,https://www.todayonline.com/world/more-chinese-cities-shut-down-virus-death-toll-rises,2020-05-02,Today Online,auto,2020-02-05
239,Coronavirus deaths in mainland China rise to 490 as more countries confirm local transmission,https://www.todayonline.com/world/china-virus-deaths-rise-490-more-countries-confirm-local-transmission,2020-05-02,Today Online,auto,2020-02-05
240,Grand Hyatt Singapore taking steps to clean premises after 2 coronavirus cases reported overseas,https://www.todayonline.com/singapore/singapore-business-meeting-linked-malaysian-korean-coronavirus-cases,2020-05-02,Today Online,auto,2020-02-05
241,Two Malaysians brought back from China tested positive for coronavirus: Minister,https://www.todayonline.com/world/two-malaysians-brought-back-china-tested-positive-coronavirus-minister,2020-05-02,Today Online,auto,2020-02-05
242,China air force cleared for Singapore Airshow amid virus concerns,https://www.todayonline.com/singapore/china-air-force-cleared-singapore-airshow-amid-virus-concerns,2020-05-02,Today Online,auto,2020-02-05
243,Businesses see slowdown of 20% to 50% due to coronavirus outbreak: Ng Chee Meng,https://www.todayonline.com/singapore/businesses-see-slowdown-20-50-due-wuhan-coronavirus-outbreak-ng-chee-meng,2020-05-02,Today Online,auto,2020-02-05
244,Thai taxi driver who had coronavirus tells Wuhan to keep fighting,https://www.todayonline.com/world/thai-taxi-driver-who-had-coronavirus-tells-wuhan-keep-fighting-2,2020-05-02,Today Online,auto,2020-02-05
245,Thai taxi driver who had coronavirus tells Wuhan to keep fighting,https://www.todayonline.com/world/thai-taxi-driver-who-had-coronavirus-tells-wuhan-keep-fighting-1,2020-05-02,Today Online,auto,2020-02-05
246,"South Korea reports two new coronavirus cases, including man who returned from Singapore",https://www.todayonline.com/world/south-korea-reports-two-new-wuhan-coronavirus-cases-including-man-who-returned-singapore,2020-05-02,Today Online,auto,2020-02-05
247,"Cathay Pacific asks all 27,000 employees to take unpaid leave as coronavirus hits demand",https://www.todayonline.com/world/cathay-pacific-asks-all-employees-unpaid-leave-coronavirus-hits-demand,2020-05-02,Today Online,auto,2020-02-05
248,Dog owners in China scramble to buy masks for pets in wake of coronavirus,https://www.todayonline.com/world/dog-owners-china-scramble-buy-masks-pets-wake-coronavirus,2020-05-02,Today Online,auto,2020-02-05
249,"Mothers may pass coronavirus to unborn children, say Chinese doctors",https://www.todayonline.com/world/mothers-may-pass-coronavirus-unborn-children-say-chinese-doctors,2020-05-02,Today Online,auto,2020-02-05
250,"Novel coronavirus: S’pore confirms 4 more cases, 3 of these locally transmitted and linked to same tour group from Guangxi",https://www.todayonline.com/singapore/wuhan-novel-coronavirus-spore-confirms-4-more-cases-3-these-locally-transmitted-and-linked-same,2020-05-02,Today Online,auto,2020-02-05
251,"When fake news, censorship make it harder to tackle a coronavirus",https://www.todayonline.com/commentary/when-fake-news-censorship-make-it-harder-tackle-coronavirus,2020-05-02,Today Online,auto,2020-02-05
252,At least 10 on Japan cruise ship have coronavirus: Minister,https://www.todayonline.com/world/least-10-japan-cruise-ship-have-coronavirus-minister,2020-05-02,Today Online,auto,2020-02-05
253,"Four-year-old Chinese girl in Langkawi with coronavirus cured, allowed to fly home",https://www.todayonline.com/world/four-year-old-chinese-girl-langkawi-coronavirus-cured-allowed-fly-home,2020-05-02,Today Online,auto,2020-02-05
254,Explainer: What to know about the HIV drugs touted as weapon in war on coronavirus,https://www.todayonline.com/world/explainer-what-you-need-know-about-hiv-drugs-touted-weapon-war-coronavirus,2020-05-02,Today Online,auto,2020-02-05
255,Hundreds held on cruise ship in Hong Kong as authorities check for coronavirus,https://www.todayonline.com/world/hundreds-held-cruise-ship-hong-kong-authorities-check-virus,2020-05-02,Today Online,auto,2020-02-05
256,Government donates S$1 million to Singapore Red Cross to aid communities in China stricken by coronavirus,https://www.todayonline.com/singapore/government-donates-s1-million-singapore-red-cross-aid-communities-china-stricken,2020-05-02,Today Online,auto,2020-02-05
257,Fear and takeout: 14 days in coronavirus ‘self-quarantine’,https://www.todayonline.com/world/fear-and-takeout-14-days-coronavirus-self-quarantine,2020-05-02,Today Online,auto,2020-02-05
258,Viral hysteria: Hong Kong panic sparks run on toilet paper,https://www.todayonline.com/world/viral-hysteria-hong-kong-panic-sparks-run-toilet-paper,2020-06-02,Today Online,auto,2020-02-06
259,"Govt to speed up transport projects, roll out ‘strong’ Budget package, as aviation sector hurt by coronavirus: Khaw",https://www.todayonline.com/singapore/government-speed-transport-projects-strong-budget-package-aviation-sector-hurt-wuhan-coronavirus,2020-06-02,Today Online,auto,2020-02-06
260,Chinese baby tests positive for coronavirus just 30 hours after birth,https://www.todayonline.com/world/chinese-baby-tests-positive-coronavirus-just-30-hours-after-birth,2020-06-02,Today Online,auto,2020-02-06
261,Malaysia confirms first local coronavirus transmission,https://www.todayonline.com/world/malaysia-confirms-first-local-coronavirus-transmission,2020-06-02,Today Online,auto,2020-02-06
262,Why the novel coronavirus (mostly) spares children,https://www.todayonline.com/world/why-novel-coronavirus-mostly-spares-children,2020-06-02,Today Online,auto,2020-02-06
263,"China reports 73 new coronavirus deaths on mainland, death toll reaches 563",https://www.todayonline.com/world/china-reports-73-new-deaths-mainland-coronavirus-death-toll-reaches-563,2020-06-02,Today Online,auto,2020-02-06
264,"As coronavirus infects economy, one bank slashes Singapore’s 2020 growth forecast",https://www.todayonline.com/singapore/wuhan-coronavirus-infects-economy-one-bank-slashes-singapores-2020-growth-forecast,2020-06-02,Today Online,auto,2020-02-06
265,Ten more on cruise ship in Japan test positive for coronavirus,https://www.todayonline.com/world/ten-more-cruise-ship-japan-test-positive-coronavirus,2020-06-02,Today Online,auto,2020-02-06
266,Taiwan restricts Hong Kong and Macau travellers amid coronavirus outbreak,https://www.todayonline.com/world/taiwan-restricts-hong-kong-and-macau-travellers-amid-coronavirus-outbreak,2020-06-02,Today Online,auto,2020-02-06
267,China weighs benefits of buffalo horn and other traditional remedies to treat novel coronavirus,https://www.todayonline.com/world/china-weighs-benefits-buffalo-horn-and-other-traditional-remedies-treat-novel-coronavirus,2020-06-02,Today Online,auto,2020-02-06
268,China clamps down on coronavirus coverage as cases surge,https://www.todayonline.com/world/china-clamps-down-coronavirus-coverage-cases-surge,2020-06-02,Today Online,auto,2020-02-06
269,"Novel coronavirus: 2 more cases in S’pore, including one with no travel history to China or apparent link with previous cases",https://www.todayonline.com/singapore/wuhan-novel-coronavirus-2-more-cases-singapore-no-travel-history-china-or-link,2020-06-02,Today Online,auto,2020-02-06
270,Novel coronavirus: What we know about the fatalities,https://www.todayonline.com/world/novel-coronavirus-what-we-know-about-fatalities,2020-06-02,Today Online,auto,2020-02-06
271,Novel coronavirus: Travel bans upend Chinese lives,https://www.todayonline.com/world/novel-coronavirus-travel-bans-upend-chinese-lives,2020-06-02,Today Online,auto,2020-02-06
272,"More than 100 people attended meeting at Grand Hyatt Singapore linked to Malaysia, South Korea cases",https://www.todayonline.com/singapore/more-100-people-attended-meeting-grand-hyatt-singapore-linked-malaysia-south-korea-cases,2020-06-02,Today Online,auto,2020-02-06
273,WHO investigates Singapore conference linked to foreign coronavirus spread,https://www.todayonline.com/singapore/who-investigates-singapore-conference-linked-foreign-wuhan-coronavirus-spread,2020-06-02,Today Online,auto,2020-02-06
274,Novel coronavirus: Several businesses visited by tour group linked to local transmissions still closed,https://www.todayonline.com/singapore/wuhan-novel-coronavirus-several-businesses-visited-tour-group-linked-local-transmissions-still,2020-06-02,Today Online,auto,2020-02-06
275,"Desperate scenes in Hong Kong as 10,000 queue for masks at industrial estate",https://www.todayonline.com/world/desperate-scenes-hong-kong-10000-queue-masks-industrial-estate,2020-06-02,Today Online,auto,2020-02-06
276,Private-hire drivers concerned about novel coronavirus outbreak but Grab cancellation policies unchanged,https://www.todayonline.com/singapore/private-hire-drivers-concerned-about-novel-wuhan-coronavirus-outbreak-grab-cancellation-policies,2020-06-02,Today Online,auto,2020-02-06
277,Govt steps up leave of absence regime for all workers returning to S’pore from China,https://www.todayonline.com/singapore/all-workers-returning-spore-china-serve-mandatory-14-day-leave-absence-lawrence-wong,2020-06-02,Today Online,auto,2020-02-06
278,Coronavirus crisis shows shortcomings of governance in China,https://www.todayonline.com/commentary/wuhan-coronavirus-crisis-shows-shortcomings-governance-china,2020-06-02,Today Online,auto,2020-02-06
279,Working with strangers past midnight: How various agencies got mask distribution website up and running,https://www.todayonline.com/singapore/working-strangers-past-midnight-how-various-agencies-got-maskgowheregovsg-and-running,2020-07-02,Today Online,auto,2020-02-07
280,"Novel coronavirus: Li Wenliang, doctor who alerted authorities to the outbreak, dies of the disease",https://www.todayonline.com/world/wuhan-novel-coronavirus-li-wenliang-doctor-who-alerted-authorities-outbreak-dies-disease,2020-07-02,Today Online,auto,2020-02-07
281,Coronavirus cases on cruise liner off Japan jump to 61,https://www.todayonline.com/world/another-41-cruise-liner-japan-test-positive-coronavirus,2020-07-02,Today Online,auto,2020-02-07
282,Employers must seek approval from MOM for work pass holders returning to Singapore after travel to China,https://www.todayonline.com/singapore/wuhan-coroanvirus-employers-must-seek-approval-mom-work-pass-holders-returning-singapore-travel-china,2020-07-02,Today Online,auto,2020-02-07
283,VJC to suspend activities after teacher has coronavirus infection; schools to take more precautionary measures,https://www.todayonline.com/singapore/vjc-suspend-activities-after-teacher-has-wuhan-coronavirus-infection-schools-take-more,2020-07-02,Today Online,auto,2020-02-07
284,Britain urges doctors to step up vigilance after third citizen infected with coronavirus,https://www.todayonline.com/world/britain-urges-doctors-step-vigilance-after-third-citizen-infected-coronavirus,2020-07-02,Today Online,auto,2020-02-07
285,"Novel coronavirus: S’pore moves to Dorscon Orange, as 3 new cases confirmed with no apparent link to previous cases or recent travel to China",https://www.todayonline.com/singapore/wuhan-novel-coronavirus-spore-moves-dorscon-orange-3-new-cases-confirmed-no-apparent-links-previous-cases,2020-07-02,Today Online,auto,2020-02-07
286,"Dorscon Orange: What it means for schools, workplaces and healthcare institutions",https://www.todayonline.com/singapore/wuhan-coronavirus-dorscon-orange-what-means-schools-workplaces-healthcare-institutions,2020-07-02,Today Online,auto,2020-02-07
287,Singapore planning second evacuation flight from Wuhan: MFA,https://www.todayonline.com/singapore/singapore-planning-second-evacuation-flight-wuhan-mfa,2020-07-02,Today Online,auto,2020-02-07
288,CNA debunks fake tweet announcing school closure due to coronavirus outbreak,https://www.todayonline.com/singapore/cna-debunks-fake-tweet-announcing-school-closure-due-coronavirus-outbreak,2020-07-02,Today Online,auto,2020-02-07
289,"WHO plays down dip in daily coronavirus infection rate, saying it might not mean outbreak has peaked",https://www.todayonline.com/world/who-plays-down-dip-daily-coronavirus-infection-rate-saying-it-might-not-mean-outbreak-has,2020-07-02,Today Online,auto,2020-02-07
290,"Mother-baby coronavirus transmission yet to be proven, doctor says",https://www.todayonline.com/world/mother-baby-coronavirus-transmission-yet-be-proven-doctor-says,2020-07-02,Today Online,auto,2020-02-07
291,Officials fired after disabled Chinese boy died when relatives put in coronavirus quarantine,https://www.todayonline.com/world/officials-fired-after-disabled-chinese-boy-died-when-relatives-put-coronavirus-quarantine,2020-07-02,Today Online,auto,2020-02-07
292,To die or to go broke? That’s the risk businesses in China are weighing amid novel coronavirus,https://www.todayonline.com/commentary/wuhan-coronavirus-its-not-business-usual-china,2020-07-02,Today Online,auto,2020-02-07
293,"Mainland China reports 73 new coronavirus deaths on Feb 6, toll rises to 636",https://www.todayonline.com/world/mainland-china-reports-73-new-coronavirus-deaths-feb-6-toll-rises-636,2020-07-02,Today Online,auto,2020-02-07
294,In sickness and in health: mass wedding defies virus fears,https://www.todayonline.com/world/sickness-and-health-mass-wedding-defies-virus-fears,2020-07-02,Today Online,auto,2020-02-07
295,"Chinese hospital pharmacist, 28, dies after 10 straight days helping fight coronavirus",https://www.todayonline.com/world/chinese-hospital-pharmacist-28-dies-after-10-straight-days-helping-fight-coronavirus,2020-07-02,Today Online,auto,2020-02-07
296,"China's Hubei province reports 69 new coronavirus deaths and 2,447 new cases",https://www.todayonline.com/world/chinas-hubei-province-reports-69-new-coronavirus-deaths-and-2447-new-cases,2020-07-02,Today Online,auto,2020-02-07
297,5 Singaporeans on board quarantined cruise ship off Japan ‘physically well’: MFA,https://www.todayonline.com/singapore/5-singaporeans-board-quarantined-wuhan-coronavirus-cruise-ship-japan-physically-well-mfa,2020-07-02,Today Online,auto,2020-02-07
298,Novel coronavirus: Why China is in the grips of a facial mask shortage as death toll grows,https://www.todayonline.com/world/novel-coronavirus-why-china-grips-facial-mask-shortage-death-toll-grows,2020-07-02,Today Online,auto,2020-02-07
299,"7 new coronavirus cases in S'pore, including taxi and private hire drivers; possible cluster at Paya Lebar church identified",https://www.todayonline.com/singapore/7-new-wuhan-coronavirus-cases-singapore-taxi-private-hire-drivers-paya-lebar-church-cluster,2020-08-02,Today Online,auto,2020-02-08
300,"Coronavirus recovery rates ‘promising’, infectious disease expert says",https://www.todayonline.com/world/coronavirus-recovery-rates-promising-infectious-disease-expert-says,2020-08-02,Today Online,auto,2020-02-08
301,"Novel coronavirus: Working from home a new, at times frustrating, experience for some",https://www.todayonline.com/world/novel-coronavirus-working-home-new-times-frustrating-experience-some,2020-08-02,Today Online,auto,2020-02-08
302,"Novel coronavirus: Thaipusam festival goes smoothly amid heightened alert, but other events get cancelled",https://www.todayonline.com/singapore/novel-coronavirus-thaipusam-festival-goes-smoothly-amid-heightened-alert-other-events-get,2020-08-02,Today Online,auto,2020-02-08
303,Nine members of Hong Kong family feared infected with coronavirus after hotpot meal,https://www.todayonline.com/world/nine-members-hong-kong-family-feared-infected-after-hotpot-meal,2020-09-02,Today Online,auto,2020-02-09
304,Novel coronavirus: MOM cancels work passes and employers' work pass privileges after leave of absence breached,https://www.todayonline.com/singapore/mom-cancels-work-passes-and-employers-work-pass-privileges-after-leave-absence-breached,2020-09-02,Today Online,auto,2020-02-09
305,Second flight carrying 174 Singaporeans from Wuhan lands; medical screening and quarantine for passengers,https://www.todayonline.com/singapore/second-flight-carrying-174-singaporeans-wuhan-lands-medical-screening-and-quarantine,2020-09-02,Today Online,auto,2020-02-09
306,"Novel coronavirus: 3 new cases confirmed, all have not recently travelled to China",https://www.todayonline.com/singapore/novel-coronavirus-3-new-cases-confirmed-all-have-not-recently-travelled-china,2020-09-02,Today Online,auto,2020-02-09
307,How not to get sick while travelling,https://www.todayonline.com/world/how-not-get-sick-while-travelling,2020-09-02,Today Online,auto,2020-02-09
308,'I'm not reckless': China courier braves coronavirus to keep city supplied,https://www.todayonline.com/world/not-reckless-china-courier-braves-coronavirus-keep-city-supplied,2020-09-02,Today Online,auto,2020-02-09
309,Spanish authorities confirm Briton is country's second coronavirus case,https://www.todayonline.com/world/spanish-authorities-confirm-briton-countrys-second-coronavirus-case-0,2020-09-02,Today Online,auto,2020-02-09
310,Malaysia expands China traveller ban as coronavirus spreads,https://www.todayonline.com/world/malaysia-expands-china-traveller-ban-coronavirus-spreads-1,2020-09-02,Today Online,auto,2020-02-09
311,"Dorscon Orange: NUS, NTU, SMU move large lectures online, suspend mass events",https://www.todayonline.com/singapore/wuhan-coronavirus-dorscon-orange-nus-ntu-smu-move-large-lectures-online-suspend-mass-events,2020-09-02,Today Online,auto,2020-02-09
312,"Novel coronavirus deaths in mainland China rise past 800, overtaking Sars toll",https://www.todayonline.com/world/novel-coronavirus-deaths-mainland-china-rise-past-800-overtaking-sars-toll,2020-09-02,Today Online,auto,2020-02-09
313,Novel coronavirus: One congregant of Paya Lebar church identified as possible cluster is ‘in critical condition’ in ICU,https://www.todayonline.com/singapore/novel-wuhan-coronavirus-paya-lebar-life-church-missions-possible-cluster-congregant-icu,2020-09-02,Today Online,auto,2020-02-09
314,"FairPrice limits purchase of items such as toilet paper, rice after panic buying following raising of coronavirus alert",https://www.todayonline.com/singapore/ntuc-fairprice-limits-purchase-toilet-paper-noodles-hoarding-wuhan-coronavirus-orange,2020-09-02,Today Online,auto,2020-02-09
315,Panic buying will undermine international confidence in Singapore: Chan Chun Sing,https://www.todayonline.com/singapore/panic-buying-will-undermine-international-confidence-singapore-chan-chun-sing,2020-09-02,Today Online,auto,2020-02-09
316,Thousands from cruise ship in Hong Kong released from quarantine after coronavirus tests,https://www.todayonline.com/world/thousands-cruise-ship-hong-kong-released-quarantine-after-coronavirus-tests,2020-09-02,Today Online,auto,2020-02-09
317,"Over 70 Singapore Airshow exhibitors have pulled out, public tickets limited",https://www.todayonline.com/singapore/over-70-singapore-airshow-exhibitors-have-pulled-out-public-tickets-limited,2020-09-02,Today Online,auto,2020-02-09
318,"Hit by novel coronavirus, Asian business group to truck three million Malaysian medical gloves to Wuhan",https://www.todayonline.com/world/hit-novel-coronavirus-asian-business-group-truck-three-million-malaysian-medical-gloves-wuhan,2020-10-02,Today Online,auto,2020-02-10
319,"Nurses in S’pore wary of being ostracised by public, even as work takes its toll during coronavirus outbreak",https://www.todayonline.com/singapore/nurses-wary-being-ostracised-public-as-work-takes-its-toll-during-wuhan-coronavirus-outbreak,2020-10-02,Today Online,auto,2020-02-10
320,"At least 65 more coronavirus cases confirmed on cruise ship in Japan, captain says",https://www.todayonline.com/world/sixty-more-people-confirmed-coronavirus-cruise-ship-japan-tbs-tv,2020-10-02,Today Online,auto,2020-02-10
321,"Malaysia confirms 17th case of coronavirus, woman related to Singapore conference attendee",https://www.todayonline.com/world/malaysia-confirms-17th-case-coronavirus-woman-related-singapore-conference-attendee,2020-10-02,Today Online,auto,2020-02-10
322,Malaysia confirms 18th coronavirus case as man with travel history to China tests positive,https://www.todayonline.com/world/malaysia-confirms-18th-coronavirus-case-man-travel-history-china-tests-positive,2020-10-02,Today Online,auto,2020-02-10
323,"Novel coronavirus: Singapore tourism sector to take a hit for at least 6 to 8 months, experts say",https://www.todayonline.com/singapore/wuhan-novel-coronavirus-singapore-tourism-sector-take-hit-least-six-eight-months,2020-10-02,Today Online,auto,2020-02-10
324,"China reports 97 new coronavirus deaths on mainland, death toll rises to 908",https://www.todayonline.com/world/china-reports-97-new-coronavirus-deaths-mainland-death-toll-rises-908,2020-10-02,Today Online,auto,2020-02-10
325,Sarawak to impose 14-day self-quarantine for travellers from Singapore,https://www.todayonline.com/world/sarawak-impose-14-day-self-quarantine-travellers-singapore,2020-10-02,Today Online,auto,2020-02-10
326,Up to 40 per cent fall in taxi and private hire driver earnings as novel coronavirus keeps passengers away,https://www.todayonline.com/singapore/40-cent-fall-taxi-and-private-hire-driver-earnings-novel-wuhan-coronavirus-keeps-passengers-away,2020-10-02,Today Online,auto,2020-02-10
327,"Two girls’ inspiring mission to deliver breakfast to tired doctors, nurses fighting novel coronavirus",https://www.todayonline.com/singapore/two-girls-inspiring-mission-deliver-breakfast-tired-doctors-nurses-fighting-wuhan-coronavirus,2020-10-02,Today Online,auto,2020-02-10
328,"Police seek information on video of youth taking a swig from supermarket drink, then placing it back on shelf",https://www.todayonline.com/singapore/police-seek-information-video-youth-taking-swig-supermarket-drink-then-placing-it-back,2020-10-02,Today Online,auto,2020-02-10
329,Time to turn off aircon but not to ditch pets: Singapore experts weigh in on coronavirus outbreak,https://www.todayonline.com/singapore/time-turn-aircon-not-abandon-pets-singapore-experts-answer-questions-wuhan-coronavirus,2020-10-02,Today Online,auto,2020-02-10
330,"No risk of running short of food from short-term disruptions, but climate change poses a greater challenge: Masagos",https://www.todayonline.com/singapore/no-risk-running-short-food-short-term-disruptions-climate-change-poses-greater-challenge,2020-10-02,Today Online,auto,2020-02-10
331,"Novel coronavirus: Singapore confirms 2 more cases, 1 of them a Certis Cisco officer who served quarantine orders on patients",https://www.todayonline.com/singapore/novel-coronavirus-singapore-confirms-2-more-cases-1-them-cisco-officer-who-served,2020-10-02,Today Online,auto,2020-02-10
332,"Singapore Airlines, SilkAir suspend some flights to China over coronavirus outbreak",https://www.todayonline.com/singapore/singapore-airlines-silkair-suspend-some-flights-china-over-coronavirus-outbreak,2020-10-02,Today Online,auto,2020-02-10
333,"Novel coronavirus: Kuwait, Qatar urge citizens to delay travel plans to Singapore",https://www.todayonline.com/singapore/novel-coronavirus-kuwait-urges-citizens-leave-singapore-delay-travel-plans,2020-10-02,Today Online,auto,2020-02-10
334,Virus transforms daily life on Hong Kong's fearful streets,https://www.todayonline.com/world/virus-transforms-daily-life-hong-kongs-fearful-streets,2020-10-02,Today Online,auto,2020-02-10
335,Novel coronavirus disrupts Malaysia's durian exports to China,https://www.todayonline.com/world/novel-coronavirus-disrupts-malaysias-durian-exports-china,2020-10-02,Today Online,auto,2020-02-10
336,WHO warns overseas virus spread may be 'tip of the iceberg',https://www.todayonline.com/world/who-warns-overseas-virus-spread-may-be-tip-iceberg,2020-10-02,Today Online,auto,2020-02-10
337,Singapore working with international body to develop vaccine for novel coronavirus,https://www.todayonline.com/singapore/singapore-working-international-body-develop-vaccine-novel-coronavirus,2020-11-02,Today Online,auto,2020-02-11
338,‘No reason’ for other countries to impose travel advisory on Singapore: STB chief,https://www.todayonline.com/singapore/no-reason-other-countries-impose-travel-advisory-singapore-stb-chief,2020-11-02,Today Online,auto,2020-02-11
339,No plans to cancel SAF in-camp training amid coronavirus concerns: Heng Chee How,https://www.todayonline.com/singapore/no-plans-cancel-saf-camp-training-amid-coronavirus-concerns-heng-chee-how,2020-11-02,Today Online,auto,2020-02-11
340,Novel coronavirus: MTI orders retailer 3 Stars to explain mask prices following complaints,https://www.todayonline.com/singapore/novel-coronavirus-mti-orders-retailer-3-stars-explain-mask-prices-following-complaints,2020-11-02,Today Online,auto,2020-02-11
341,"Despite MOM’s advisory, some employers don’t intend to keep their domestic workers at home",https://www.todayonline.com/singapore/despite-moms-advisory-some-employers-dont-intend-keep-their-domestic-workers-home,2020-11-02,Today Online,auto,2020-02-11
342,The global politics of the coronavirus,https://www.todayonline.com/commentary/global-politics-coronavirus,2020-11-02,Today Online,auto,2020-02-11
343,Explainer: Novel coronavirus incubation period — what to make of prelim finding that this can be up to 24 days,https://www.todayonline.com/singapore/novel-coronavirus-incubation-period-what-make-prelim-finding-can-be-24-days,2020-11-02,Today Online,auto,2020-02-11
344,Tourist arrivals expected to drop by 25 to 30% in 2020 due to novel coronavirus: STB,https://www.todayonline.com/singapore/tourist-arrivals-expected-drop-25-30-per-cent-2020-wuhan-novel-coronavirus-stb,2020-11-02,Today Online,auto,2020-02-11
345,Is It Still Safe To Go Swimming With The Novel Coronavirus Outbreak? How About Other Activities? We Ask A Doctor,https://www.todayonline.com/8days/liveandlearn/vanityandhealth/it-still-safe-go-swimming-novel-coronavirus-outbreak-how-about,2020-11-02,Today Online,auto,2020-02-11
346,"Novel coronavirus: 2 new confirmed cases in Singapore, including RWS casino employee",https://www.todayonline.com/singapore/wuhan-novel-coronavirus-2-new-confirmed-cases-singapore-both-no-recent-travel-history-china,2020-11-02,Today Online,auto,2020-02-11
347,Indonesia says nothing to hide after no coronavirus cases detected,https://www.todayonline.com/world/indonesia-says-nothing-hide-after-no-coronavirus-cases-detected-0,2020-11-02,Today Online,auto,2020-02-11
348,Hiding from coronavirus in Indonesia. But is it truly virus-free?,https://www.todayonline.com/world/hiding-wuhan-coronavirus-indonesia-truly-virus-free,2020-11-02,Today Online,auto,2020-02-11
349,From Singapore to UK via the Alps: How one man spread coronavirus,https://www.todayonline.com/world/from-singapore-uk-via-alps-how-one-man-spread-wuhan-coronavirus,2020-11-02,Today Online,auto,2020-02-11
350,Explainer: Companies consider force majeure as coronavirus spreads,https://www.todayonline.com/world/explainer-companies-consider-force-majeure-coronavirus-spreads,2020-11-02,Today Online,auto,2020-02-11
351,New coronavirus found in Japan evacuees who initially tested negative,https://www.todayonline.com/world/new-coronavirus-found-japan-evacuees-who-initially-tested-negative,2020-11-02,Today Online,auto,2020-02-11
352,China's top virus expert says outbreak may peak this month,https://www.todayonline.com/world/chinas-top-virus-expert-says-outbreak-may-peak-month,2020-11-02,Today Online,auto,2020-02-11
353,Coronavirus clips wings of Asia's biggest air show,https://www.todayonline.com/singapore/wuhan-coronavirus-clips-wings-asias-biggest-airshow,2020-11-02,Today Online,auto,2020-02-11
354,"China virus toll passes 1,000 as Xi visits frontline hospital",https://www.todayonline.com/world/china-virus-toll-passes-1000-xi-visits-frontline-hospital,2020-11-02,Today Online,auto,2020-02-11
355,China tightens movement restrictions in locked-down Wuhan,https://www.todayonline.com/world/china-tightens-movement-restrictions-locked-down-wuhan,2020-11-02,Today Online,auto,2020-02-11
356,"Thailand reports new case of coronavirus, total now 33",https://www.todayonline.com/world/thailand-reports-one-new-case-coronavirus-brings-total-33,2020-11-02,Today Online,auto,2020-02-11
357,Hong Kong housing block evacuated after double virus find,https://www.todayonline.com/world/hong-kong-housing-block-evacuated-after-double-wuhan-virus-find,2020-11-02,Today Online,auto,2020-02-11
358,Selfless Malaysian man cleans up playground for well-being of children amid coronavirus outbreak,https://www.todayonline.com/world/selfless-malaysian-man-cleans-up-playground-wuhan-coronavirus-outbreak,2020-11-02,Today Online,auto,2020-02-11
359,Novel coronavirus named 'Covid-19': WHO,https://www.todayonline.com/world/wuhan-novel-coronavirus-named-covid-19-who,2020-11-02,Today Online,auto,2020-02-11
360,"Set clear rules against hoarding, profiteering during virus outbreaks",https://www.todayonline.com/voices/set-clear-rules-against-hoarding-profiteering-during-virus-outbreaks,2020-11-02,Today Online,auto,2020-02-11
361,Novel coronavirus: M’sian authorities conduct surveillance to prevent panic buying by S’poreans in Johor,https://www.todayonline.com/singapore/wuhan-novel-coronavirus-msian-authorities-conduct-surveillance-guard-against-panic-buying-sporeans,2020-11-02,Today Online,auto,2020-02-11
362,CID officers helped MOH identify coronavirus cluster at Paya Lebar church as police get involved in contact tracing,https://www.todayonline.com/singapore/cid-officers-helped-moh-identify-wuhan-coronavirus-cluster-paya-lebar-church-police-get-involved,2020-11-02,Today Online,auto,2020-02-11
363,"Novel coronavirus: Surge in patients consulting doctors through video calls to avoid clinics, hospitals",https://www.todayonline.com/singapore/wuhan-novel-coronavirus-surge-patients-consulting-doctors-through-video-calls-avoid-clinics,2020-11-02,Today Online,auto,2020-02-11
364,"Bat meat still popular in parts of Indonesia, despite coronavirus fears",https://www.todayonline.com/world/bat-meat-still-popular-parts-indonesia-despite-coronavirus-fears,2020-11-02,Today Online,auto,2020-02-11
365,Novel coronavirus: WHO still urges quarantine and other ‘containment measures’ despite rising doubts,https://www.todayonline.com/world/wuhan-novel-coronavirus-who-still-urges-quarantine-other-containment-measures-despite-rising-doubts,2020-11-02,Today Online,auto,2020-02-11
366,'Exhausted': Doctors at China's virus epicentre overworked and unprotected,https://www.todayonline.com/world/exhausted-doctors-chinas-virus-epicentre-overworked-and-unprotected,2020-12-02,Today Online,auto,2020-02-12
367,‘Misunderstanding’ of Dorscon Orange risk level may have led to panic buying: Lawrence Wong,https://www.todayonline.com/singapore/misunderstanding-dorscon-orange-risk-level-may-have-led-panic-buying-lawrence-wong,2020-12-02,Today Online,auto,2020-02-12
368,"Man arrested after attacking police, auxiliary officers at Sengkang General Hospital",https://www.todayonline.com/singapore/man-arrested-after-attacking-police-auxiliary-officers-sengkang-general-hospital,2020-12-02,Today Online,auto,2020-02-12
369,Briton ‘super spreader’ who caught coronavirus at Grand Hyatt meeting in S’pore says he has fully recovered,https://www.todayonline.com/world/briton-super-spreader-who-caught-coronavirus-grand-hyatt-meeting-spore-says-he-has-fully,2020-12-02,Today Online,auto,2020-02-12
370,At least 500 Wuhan medical staff infected with coronavirus,https://www.todayonline.com/world/least-500-wuhan-medical-staff-infected-coronavirus,2020-12-02,Today Online,auto,2020-02-12
371,Heroes Unmasked: Love in the time of Covid-19 – volunteers to ‘sayang’ healthcare workers on Valentine’s Day,https://www.todayonline.com/singapore/heroes-unmasked-love-time-covid-19-volunteers-sayang-healthcare-workers-valentines-day,2020-12-02,Today Online,auto,2020-02-12
372,"Working from home amid Covid-19 outbreak: How to avoid distractions, putting in longer hours than usual",https://www.todayonline.com/singapore/working-home-amid-covid-19-outbreak-how-avoid-distractions-putting-longer-hours-usual,2020-12-02,Today Online,auto,2020-02-12
373,"Huge shelters for coronavirus patients pose new risks, experts fear",https://www.todayonline.com/world/huge-shelters-coronavirus-patients-pose-new-risks-experts-fear,2020-12-02,Today Online,auto,2020-02-12
374,Explainer: Why some Covid-19 patients visit the doctor twice or thrice before they receive a diagnosis,https://www.todayonline.com/singapore/explainer-why-some-covid-19-patients-visit-doctor-twice-or-thrice-they-receive-diagnosis,2020-12-02,Today Online,auto,2020-02-12
375,Grab to pilot service offering round-the-clock rides home for healthcare professionals,https://www.todayonline.com/world/grab-pilot-service-offering-round-clock-rides-home-healthcare-professionals,2020-12-02,Today Online,auto,2020-02-12
376,Man in China threatens to torch himself after Covid-19 outbreak cancels birthday,https://www.todayonline.com/world/man-china-threatens-torch-himself-after-covid-19-outbreak-cancels-birthday,2020-12-02,Today Online,auto,2020-02-12
377,"Coronavirus outbreak may be over in China by April, says expert",https://www.todayonline.com/world/coronavirus-outbreak-may-be-over-china-april-says-expert,2020-12-02,Today Online,auto,2020-02-12
378,"3 new cases of Covid-19 in Singapore, with 2 more clusters identified",https://www.todayonline.com/singapore/3-new-cases-covid-19-singapore-2-more-clusters-identified,2020-12-02,Today Online,auto,2020-02-12
379,Novel coronavirus: DBS evacuates 300 staff from MBFC Tower 3 after confirmed case,https://www.todayonline.com/singapore/novel-coronavirus-dbs-evacuates-300-staff-mbfc-tower-3-after-confirmed-case,2020-12-02,Today Online,auto,2020-02-12
380,"Coronavirus emergency is 'public enemy number one', says WHO",https://www.todayonline.com/world/coronavirus-emergency-public-enemy-number-one-says-who,2020-12-02,Today Online,auto,2020-02-12
381,"As coronavirus cases get priority in Wuhan hospitals, other patients are losing hope",https://www.todayonline.com/world/coronavirus-cases-get-priority-wuhan-hospitals-other-patients-are-losing-hope,2020-12-02,Today Online,auto,2020-02-12
382,"China reports 97 new deaths from coronavirus on mainland, more than 2,000 new infections",https://www.todayonline.com/world/chinas-hubei-province-reports-94-new-deaths-coronavirus,2020-12-02,Today Online,auto,2020-02-12
383,Covid-19 outbreak: The latest global numbers at a glance,https://www.todayonline.com/singapore/wuhan-virus-outbreak-here-are-latest-numbers-around-world,2020-12-02,Today Online,auto,2020-02-12
384,China retreats online to weather coronavirus storm,https://www.todayonline.com/world/china-retreats-online-weather-coronavirus-storm,2020-12-02,Today Online,auto,2020-02-12
385,Revive anti-spitting campaign in Singapore,https://www.todayonline.com/voices/revive-anti-spitting-campaign-singapore,2020-12-02,Today Online,auto,2020-02-12
386,WHO advises Malaysia to prepare for wider coronavirus outbreak,https://www.todayonline.com/world/who-advises-malaysia-prepare-wider-coronavirus-outbreak,2020-12-02,Today Online,auto,2020-02-12
387,Police identify two youths in supermarket drinks video that caused ‘public alarm’ online,https://www.todayonline.com/singapore/police-identify-two-youths-supermarket-drinks-video-caused-public-alarm-online,2020-12-02,Today Online,auto,2020-02-12
388,World must consider coronavirus 'public enemy number one' - WHO,https://www.todayonline.com/world/world-must-consider-coronavirus-public-enemy-number-one-who-0,2020-12-02,Today Online,auto,2020-02-12
389,Can a hotpot meal infect you with the coronavirus? Hong Kong businesses shun menu item amid news of family’s infection,https://www.todayonline.com/world/can-hotpot-meal-infect-you-coronavirus-hong-kong-businesses-shun-menu-item-amid-news-familys,2020-12-02,Today Online,auto,2020-02-12
390,M’sian Health Minister announces joint working committee with S’pore to tackle novel coronavirus,https://www.todayonline.com/world/msian-health-minister-announces-joint-working-committee-spore-tackle-novel-coronavirus,2020-12-02,Today Online,auto,2020-02-12
391,Hong Kong bank trainees caught hiking instead of working from home,https://www.todayonline.com/world/hong-kong-bank-trainees-caught-hiking-instead-working-home,2020-12-02,Today Online,auto,2020-02-12
392,"Covid-19 outbreak: Government to put up fund, online site for public to support healthcare workers, the vulnerable",https://www.todayonline.com/singapore/covid-19-wuhan-coronavirus-outbreak-government-put-fund-online-site-public-support-healthcare-workers,2020-13-02,Today Online,auto,2020-02-13
